comment,nickname,tilte
"里面全是傻狗, 没有房管, *幕会出现",drodo,
这卜就是 傻子王直播间吗,驻马店指挥官,
傻了直播间有痔疮房管，我上次说了一句文爱不算爱就在两个直播间一起被封了,slimcc,
真的有人会去吗？难道不是在各大直播平台各大直播间造谣挑拨？,柚子控,
难道不是在各大直播平台各大直播间造谣挑拨？,扭曲的温拿粉,
难道不是在各大直播平台各大直播间造谣挑拨？,hercMoray,
傻了直播间有痔疮房管，我上次说了一句文爱不算爱就在两个直播间一起被封了,姜妍二胖,
难道不是在各大直播平台各大直播间造谣挑拨？,當然是選擇,
傻了直播间有痔疮房管，我上次说了一句文爱不算爱就在两个直播间一起被封了,wt931119,
ame今年刚开播那次，蛮多sg的，*幕也就那样，大都在复制猴子见效之类的我看着无聊，便在直播间里盲压鳖孙,zj425,
我1月份在AME直播间骂绿帽僵尸，结果两个直播间都被封了，痔疮直播间每半个月来一次一月套餐,毕竟是师母,
sg的滚出壳,saltAugust,
满屏喷傻狗的*幕,langrensoso,
这卜就是 傻子王直播间吗,MervYn1976,
难道不是在各大直播平台各大直播间造谣挑拨？,尘封你的笑,
傻了直播间有痔疮房管，我上次说了一句文爱不算爱就在两个直播间一起被封了,chende2002,
难道不是在各大直播平台各大直播间造谣挑拨？,r神我是你的otk,
傻狗不会出现在自己的直播间，指挥出现在各大直播间阴阳怪气,五蚜居士,
难道不是在各大直播平台各大直播间造谣挑拨？,rva,
难道不是在各大直播平台各大直播间造谣挑拨？,少女的黑丝,
